<?xml version="1.0" encoding="UTF-8"?>
<definitions xmlns="http://www.omg.org/spec/BPMN/20100524/MODEL" xmlns:xsi="http://www.w3.org/2001/XMLSchema-instance" xmlns:activiti="http://activiti.org/bpmn" xmlns:bpmndi="http://www.omg.org/spec/BPMN/20100524/DI" xmlns:omgdc="http://www.omg.org/spec/DD/20100524/DC" xmlns:omgdi="http://www.omg.org/spec/DD/20100524/DI" typeLanguage="http://www.w3.org/2001/XMLSchema" expressionLanguage="http://www.w3.org/1999/XPath" targetNamespace="http://www.kafeitu.me/demo/activiti/leave">
  <process id="leave" name="请假流程" isExecutable="true">
    <documentation>请假流程演示</documentation>
    <startEvent id="startevent1" name="Start" activiti:initiator="applyUserId"></startEvent>
    <userTask id="deptLeaderAudit" name="部门领导审批" activiti:candidateGroups="deptLeader"></userTask>
    <exclusiveGateway id="exclusivegateway5" name="Exclusive Gateway"></exclusiveGateway>
    <userTask id="modifyApply" name="调整申请" activiti:assignee="${applyUserId}">
      <extensionElements>
        <activiti:taskListener event="complete" delegateExpression="${afterModifyApplyContentProcessor}"></activiti:taskListener>
      </extensionElements>
    </userTask>
    <userTask id="hrAudit" name="人事审批" activiti:candidateGroups="hr"></userTask>
    <exclusiveGateway id="exclusivegateway6" name="Exclusive Gateway"></exclusiveGateway>
    <userTask id="reportBack" name="销假" activiti:assignee="${applyUserId}">
      <extensionElements>
        <activiti:taskListener event="complete" delegateExpression="${reportBackEndProcessor}"></activiti:taskListener>
      </extensionElements>
    </userTask>
    <endEvent id="endevent1" name="End"></endEvent>
    <exclusiveGateway id="exclusivegateway7" name="Exclusive Gateway"></exclusiveGateway>
    <sequenceFlow id="flow2" sourceRef="startevent1" targetRef="deptLeaderAudit"></sequenceFlow>
    <sequenceFlow id="flow3" sourceRef="deptLeaderAudit" targetRef="exclusivegateway5"></sequenceFlow>
    <sequenceFlow id="flow4" name="不同意" sourceRef="exclusivegateway5" targetRef="modifyApply">
      <conditionExpression xsi:type="tFormalExpression"><![CDATA[${!deptLeaderPass}]]></conditionExpression>
    </sequenceFlow>
    <sequenceFlow id="flow5" name="同意" sourceRef="exclusivegateway5" targetRef="hrAudit">
      <conditionExpression xsi:type="tFormalExpression"><![CDATA[${deptLeaderPass}]]></conditionExpression>
    </sequenceFlow>
    <sequenceFlow id="flow6" sourceRef="hrAudit" targetRef="exclusivegateway6"></sequenceFlow>
    <sequenceFlow id="flow7" name="同意" sourceRef="exclusivegateway6" targetRef="reportBack">
      <conditionExpression xsi:type="tFormalExpression"><![CDATA[${hrPass}]]></conditionExpression>
    </sequenceFlow>
    <sequenceFlow id="flow8" sourceRef="reportBack" targetRef="endevent1"></sequenceFlow>
    <sequenceFlow id="flow9" name="不同意" sourceRef="exclusivegateway6" targetRef="modifyApply">
      <conditionExpression xsi:type="tFormalExpression"><![CDATA[${!hrPass}]]></conditionExpression>
    </sequenceFlow>
    <sequenceFlow id="flow10" name="重新申请" sourceRef="exclusivegateway7" targetRef="deptLeaderAudit">
      <conditionExpression xsi:type="tFormalExpression"><![CDATA[${reApply}]]></conditionExpression>
    </sequenceFlow>
    <sequenceFlow id="flow11" sourceRef="modifyApply" targetRef="exclusivegateway7"></sequenceFlow>
    <sequenceFlow id="flow12" name="结束流程" sourceRef="exclusivegateway7" targetRef="endevent1">
      <conditionExpression xsi:type="tFormalExpression"><![CDATA[${!reApply}]]></conditionExpression>
    </sequenceFlow>
  </process>
  <bpmndi:BPMNDiagram id="BPMNDiagram_leave">
    <bpmndi:BPMNPlane bpmnElement="leave" id="BPMNPlane_leave">
      <bpmndi:BPMNShape bpmnElement="startevent1" id="BPMNShape_startevent1">
        <omgdc:Bounds height="35.0" width="35.0" x="10.0" y="90.0"></omgdc:Bounds>
      </bpmndi:BPMNShape>
      <bpmndi:BPMNShape bpmnElement="deptLeaderAudit" id="BPMNShape_deptLeaderAudit">
        <omgdc:Bounds height="55.0" width="105.0" x="90.0" y="80.0"></omgdc:Bounds>
      </bpmndi:BPMNShape>
      <bpmndi:BPMNShape bpmnElement="exclusivegateway5" id="BPMNShape_exclusivegateway5">
        <omgdc:Bounds height="40.0" width="40.0" x="250.0" y="87.0"></omgdc:Bounds>
      </bpmndi:BPMNShape>
      <bpmndi:BPMNShape bpmnElement="modifyApply" id="BPMNShape_modifyApply">
        <omgdc:Bounds height="55.0" width="105.0" x="218.0" y="190.0"></omgdc:Bounds>
      </bpmndi:BPMNShape>
      <bpmndi:BPMNShape bpmnElement="hrAudit" id="BPMNShape_hrAudit">
        <omgdc:Bounds height="55.0" width="105.0" x="358.0" y="80.0"></omgdc:Bounds>
      </bpmndi:BPMNShape>
      <bpmndi:BPMNShape bpmnElement="exclusivegateway6" id="BPMNShape_exclusivegateway6">
        <omgdc:Bounds height="40.0" width="40.0" x="495.0" y="87.0"></omgdc:Bounds>
      </bpmndi:BPMNShape>
      <bpmndi:BPMNShape bpmnElement="reportBack" id="BPMNShape_reportBack">
        <omgdc:Bounds height="55.0" width="105.0" x="590.0" y="80.0"></omgdc:Bounds>
      </bpmndi:BPMNShape>
      <bpmndi:BPMNShape bpmnElement="endevent1" id="BPMNShape_endevent1">
        <omgdc:Bounds height="35.0" width="35.0" x="625.0" y="283.0"></omgdc:Bounds>
      </bpmndi:BPMNShape>
      <bpmndi:BPMNShape bpmnElement="exclusivegateway7" id="BPMNShape_exclusivegateway7">
        <omgdc:Bounds height="40.0" width="40.0" x="250.0" y="280.0"></omgdc:Bounds>
      </bpmndi:BPMNShape>
      <bpmndi:BPMNEdge bpmnElement="flow2" id="BPMNEdge_flow2">
        <omgdi:waypoint x="45.0" y="107.0"></omgdi:waypoint>
        <omgdi:waypoint x="90.0" y="107.0"></omgdi:waypoint>
      </bpmndi:BPMNEdge>
      <bpmndi:BPMNEdge bpmnElement="flow3" id="BPMNEdge_flow3">
        <omgdi:waypoint x="195.0" y="107.0"></omgdi:waypoint>
        <omgdi:waypoint x="250.0" y="107.0"></omgdi:waypoint>
      </bpmndi:BPMNEdge>
      <bpmndi:BPMNEdge bpmnElement="flow4" id="BPMNEdge_flow4">
        <omgdi:waypoint x="270.0" y="127.0"></omgdi:waypoint>
        <omgdi:waypoint x="270.0" y="190.0"></omgdi:waypoint>
        <bpmndi:BPMNLabel>
          <omgdc:Bounds height="14.0" width="36.0" x="280.0" y="127.0"></omgdc:Bounds>
        </bpmndi:BPMNLabel>
      </bpmndi:BPMNEdge>
      <bpmndi:BPMNEdge bpmnElement="flow5" id="BPMNEdge_flow5">
        <omgdi:waypoint x="290.0" y="107.0"></omgdi:waypoint>
        <omgdi:waypoint x="358.0" y="107.0"></omgdi:waypoint>
        <bpmndi:BPMNLabel>
          <omgdc:Bounds height="14.0" width="24.0" x="266.0" y="90.0"></omgdc:Bounds>
        </bpmndi:BPMNLabel>
      </bpmndi:BPMNEdge>
      <bpmndi:BPMNEdge bpmnElement="flow6" id="BPMNEdge_flow6">
        <omgdi:waypoint x="463.0" y="107.0"></omgdi:waypoint>
        <omgdi:waypoint x="495.0" y="107.0"></omgdi:waypoint>
      </bpmndi:BPMNEdge>
      <bpmndi:BPMNEdge bpmnElement="flow7" id="BPMNEdge_flow7">
        <omgdi:waypoint x="535.0" y="107.0"></omgdi:waypoint>
        <omgdi:waypoint x="590.0" y="107.0"></omgdi:waypoint>
        <bpmndi:BPMNLabel>
          <omgdc:Bounds height="14.0" width="24.0" x="513.0" y="90.0"></omgdc:Bounds>
        </bpmndi:BPMNLabel>
      </bpmndi:BPMNEdge>
      <bpmndi:BPMNEdge bpmnElement="flow8" id="BPMNEdge_flow8">
        <omgdi:waypoint x="642.0" y="135.0"></omgdi:waypoint>
        <omgdi:waypoint x="642.0" y="283.0"></omgdi:waypoint>
      </bpmndi:BPMNEdge>
      <bpmndi:BPMNEdge bpmnElement="flow9" id="BPMNEdge_flow9">
        <omgdi:waypoint x="515.0" y="127.0"></omgdi:waypoint>
        <omgdi:waypoint x="514.0" y="217.0"></omgdi:waypoint>
        <omgdi:waypoint x="323.0" y="217.0"></omgdi:waypoint>
        <bpmndi:BPMNLabel>
          <omgdc:Bounds height="14.0" width="36.0" x="525.0" y="127.0"></omgdc:Bounds>
        </bpmndi:BPMNLabel>
      </bpmndi:BPMNEdge>
      <bpmndi:BPMNEdge bpmnElement="flow10" id="BPMNEdge_flow10">
        <omgdi:waypoint x="250.0" y="300.0"></omgdi:waypoint>
        <omgdi:waypoint x="142.0" y="299.0"></omgdi:waypoint>
        <omgdi:waypoint x="142.0" y="135.0"></omgdi:waypoint>
        <bpmndi:BPMNLabel>
          <omgdc:Bounds height="14.0" width="48.0" x="195.0" y="301.0"></omgdc:Bounds>
        </bpmndi:BPMNLabel>
      </bpmndi:BPMNEdge>
      <bpmndi:BPMNEdge bpmnElement="flow11" id="BPMNEdge_flow11">
        <omgdi:waypoint x="270.0" y="245.0"></omgdi:waypoint>
        <omgdi:waypoint x="270.0" y="280.0"></omgdi:waypoint>
      </bpmndi:BPMNEdge>
      <bpmndi:BPMNEdge bpmnElement="flow12" id="BPMNEdge_flow12">
        <omgdi:waypoint x="290.0" y="300.0"></omgdi:waypoint>
        <omgdi:waypoint x="625.0" y="300.0"></omgdi:waypoint>
        <bpmndi:BPMNLabel>
          <omgdc:Bounds height="14.0" width="48.0" x="300.0" y="300.0"></omgdc:Bounds>
        </bpmndi:BPMNLabel>
      </bpmndi:BPMNEdge>
    </bpmndi:BPMNPlane>
  </bpmndi:BPMNDiagram>
</definitions>