<?xml version="1.0" encoding="UTF-8"?>
<definitions xmlns="http://www.omg.org/spec/BPMN/20100524/MODEL" xmlns:xsi="http://www.w3.org/2001/XMLSchema-instance" xmlns:xsd="http://www.w3.org/2001/XMLSchema" xmlns:activiti="http://activiti.org/bpmn" xmlns:bpmndi="http://www.omg.org/spec/BPMN/20100524/DI" xmlns:omgdc="http://www.omg.org/spec/DD/20100524/DC" xmlns:omgdi="http://www.omg.org/spec/DD/20100524/DI" typeLanguage="http://www.w3.org/2001/XMLSchema" expressionLanguage="http://www.w3.org/1999/XPath" targetNamespace="http://www.wiiy.com/hatch">
  <process id="purchase" name="采购申请单" isExecutable="true">
    <documentation>采购申请单</documentation>
    <startEvent id="startevent1" name="Start" activiti:initiator="applyUserId"></startEvent>
    <userTask id="usertask1" name="部门负责人审批" activiti:candidateGroups="departLeader">
      <documentation>{"order":1,"display":true}</documentation>
    </userTask>
    <endEvent id="endevent1" name="End"></endEvent>
    <sequenceFlow id="flow1" sourceRef="startevent1" targetRef="usertask1"></sequenceFlow>
    <userTask id="usertask2" name="公司负责人" activiti:candidateGroups="chargePerson">
      <documentation>{"order":2,"display":true}</documentation>
    </userTask>
    <userTask id="usertask3" name="仓库确认意见" activiti:candidateGroups="entrepot">
      <documentation>{"order":3,"display":true}</documentation>
    </userTask>
    <userTask id="usertask4" name="采购经办人" activiti:candidateGroups="agent">
      <documentation>{"order":4,"display":true}</documentation>
    </userTask>
    <userTask id="usertask5" name="调整申请" activiti:assignee="${applyUserId}">
      <documentation>{"order":5,"display":false}</documentation>
    </userTask>
    <exclusiveGateway id="exclusivegateway1" name="Exclusive Gateway"></exclusiveGateway>
    <sequenceFlow id="flow2" sourceRef="usertask1" targetRef="exclusivegateway1"></sequenceFlow>
    <sequenceFlow id="flow3" sourceRef="exclusivegateway1" targetRef="usertask2">
      <conditionExpression xsi:type="tFormalExpression"><![CDATA[${departLeaderPass}]]></conditionExpression>
    </sequenceFlow>
    <exclusiveGateway id="exclusivegateway2" name="Exclusive Gateway"></exclusiveGateway>
    <sequenceFlow id="flow4" sourceRef="usertask2" targetRef="exclusivegateway2"></sequenceFlow>
    <sequenceFlow id="flow5" sourceRef="exclusivegateway2" targetRef="usertask5">
      <conditionExpression xsi:type="tFormalExpression"><![CDATA[${chargePersonPass}]]></conditionExpression>
    </sequenceFlow>
    <exclusiveGateway id="exclusivegateway3" name="Exclusive Gateway"></exclusiveGateway>
    <sequenceFlow id="flow6" sourceRef="usertask5" targetRef="exclusivegateway3"></sequenceFlow>
    <sequenceFlow id="flow7" sourceRef="exclusivegateway3" targetRef="usertask4">
      <conditionExpression xsi:type="tFormalExpression"><![CDATA[${entrepotPass}]]></conditionExpression>
    </sequenceFlow>
    <exclusiveGateway id="exclusivegateway4" name="Exclusive Gateway"></exclusiveGateway>
    <sequenceFlow id="flow8" sourceRef="usertask4" targetRef="exclusivegateway4"></sequenceFlow>
    <sequenceFlow id="flow10" sourceRef="exclusivegateway1" targetRef="usertask5">
      <conditionExpression xsi:type="tFormalExpression"><![CDATA[${!departLeaderPass}]]></conditionExpression>
    </sequenceFlow>
    <sequenceFlow id="flow11" sourceRef="exclusivegateway2" targetRef="usertask5">
      <conditionExpression xsi:type="tFormalExpression"><![CDATA[${!chargePersonPass}]]></conditionExpression>
    </sequenceFlow>
    <sequenceFlow id="flow12" sourceRef="exclusivegateway3" targetRef="usertask5">
      <conditionExpression xsi:type="tFormalExpression"><![CDATA[${!entrepotPass}]]></conditionExpression>
    </sequenceFlow>
    <sequenceFlow id="flow13" sourceRef="exclusivegateway4" targetRef="usertask5">
      <conditionExpression xsi:type="tFormalExpression"><![CDATA[${!agentPass}]]></conditionExpression>
    </sequenceFlow>
    <exclusiveGateway id="exclusivegateway6" name="Exclusive Gateway"></exclusiveGateway>
    <sequenceFlow id="flow15" sourceRef="usertask5" targetRef="exclusivegateway6"></sequenceFlow>
    <sequenceFlow id="flow16" sourceRef="exclusivegateway6" targetRef="usertask1">
      <conditionExpression xsi:type="tFormalExpression"><![CDATA[${reApply}]]></conditionExpression>
    </sequenceFlow>
    <sequenceFlow id="flow17" sourceRef="exclusivegateway6" targetRef="endevent1">
      <conditionExpression xsi:type="tFormalExpression"><![CDATA[${!reApply}]]></conditionExpression>
    </sequenceFlow>
    <sequenceFlow id="flow18" sourceRef="exclusivegateway4" targetRef="endevent1">
      <conditionExpression xsi:type="tFormalExpression"><![CDATA[${agentPass}]]></conditionExpression>
    </sequenceFlow>
    <sequenceFlow id="flow19" sourceRef="exclusivegateway2" targetRef="usertask3"></sequenceFlow>
    <sequenceFlow id="flow20" sourceRef="usertask3" targetRef="exclusivegateway3"></sequenceFlow>
  </process>
  <bpmndi:BPMNDiagram id="BPMNDiagram_purchase">
    <bpmndi:BPMNPlane bpmnElement="purchase" id="BPMNPlane_purchase">
      <bpmndi:BPMNShape bpmnElement="startevent1" id="BPMNShape_startevent1">
        <omgdc:Bounds height="35.0" width="35.0" x="5.0" y="10.0"></omgdc:Bounds>
      </bpmndi:BPMNShape>
      <bpmndi:BPMNShape bpmnElement="usertask1" id="BPMNShape_usertask1">
        <omgdc:Bounds height="55.0" width="105.0" x="95.0" y="0.0"></omgdc:Bounds>
      </bpmndi:BPMNShape>
      <bpmndi:BPMNShape bpmnElement="endevent1" id="BPMNShape_endevent1">
        <omgdc:Bounds height="35.0" width="35.0" x="5.0" y="135.0"></omgdc:Bounds>
      </bpmndi:BPMNShape>
      <bpmndi:BPMNShape bpmnElement="usertask2" id="BPMNShape_usertask2">
        <omgdc:Bounds height="55.0" width="105.0" x="400.0" y="0.0"></omgdc:Bounds>
      </bpmndi:BPMNShape>
      <bpmndi:BPMNShape bpmnElement="usertask3" id="BPMNShape_usertask3">
        <omgdc:Bounds height="55.0" width="105.0" x="400.0" y="250.0"></omgdc:Bounds>
      </bpmndi:BPMNShape>
      <bpmndi:BPMNShape bpmnElement="usertask4" id="BPMNShape_usertask4">
        <omgdc:Bounds height="55.0" width="105.0" x="95.0" y="250.0"></omgdc:Bounds>
      </bpmndi:BPMNShape>
      <bpmndi:BPMNShape bpmnElement="usertask5" id="BPMNShape_usertask5">
        <omgdc:Bounds height="55.0" width="105.0" x="244.0" y="133.0"></omgdc:Bounds>
      </bpmndi:BPMNShape>
      <bpmndi:BPMNShape bpmnElement="exclusivegateway1" id="BPMNShape_exclusivegateway1">
        <omgdc:Bounds height="40.0" width="40.0" x="276.0" y="7.0"></omgdc:Bounds>
      </bpmndi:BPMNShape>
      <bpmndi:BPMNShape bpmnElement="exclusivegateway2" id="BPMNShape_exclusivegateway2">
        <omgdc:Bounds height="40.0" width="40.0" x="432.0" y="140.0"></omgdc:Bounds>
      </bpmndi:BPMNShape>
      <bpmndi:BPMNShape bpmnElement="exclusivegateway3" id="BPMNShape_exclusivegateway3">
        <omgdc:Bounds height="40.0" width="40.0" x="276.0" y="257.0"></omgdc:Bounds>
      </bpmndi:BPMNShape>
      <bpmndi:BPMNShape bpmnElement="exclusivegateway4" id="BPMNShape_exclusivegateway4">
        <omgdc:Bounds height="40.0" width="40.0" x="127.0" y="181.0"></omgdc:Bounds>
      </bpmndi:BPMNShape>
      <bpmndi:BPMNShape bpmnElement="exclusivegateway6" id="BPMNShape_exclusivegateway6">
        <omgdc:Bounds height="40.0" width="40.0" x="127.0" y="81.0"></omgdc:Bounds>
      </bpmndi:BPMNShape>
      <bpmndi:BPMNEdge bpmnElement="flow1" id="BPMNEdge_flow1">
        <omgdi:waypoint x="40.0" y="27.0"></omgdi:waypoint>
        <omgdi:waypoint x="95.0" y="27.0"></omgdi:waypoint>
      </bpmndi:BPMNEdge>
      <bpmndi:BPMNEdge bpmnElement="flow2" id="BPMNEdge_flow2">
        <omgdi:waypoint x="200.0" y="27.0"></omgdi:waypoint>
        <omgdi:waypoint x="276.0" y="27.0"></omgdi:waypoint>
      </bpmndi:BPMNEdge>
      <bpmndi:BPMNEdge bpmnElement="flow3" id="BPMNEdge_flow3">
        <omgdi:waypoint x="316.0" y="27.0"></omgdi:waypoint>
        <omgdi:waypoint x="400.0" y="27.0"></omgdi:waypoint>
      </bpmndi:BPMNEdge>
      <bpmndi:BPMNEdge bpmnElement="flow4" id="BPMNEdge_flow4">
        <omgdi:waypoint x="452.0" y="55.0"></omgdi:waypoint>
        <omgdi:waypoint x="452.0" y="140.0"></omgdi:waypoint>
      </bpmndi:BPMNEdge>
      <bpmndi:BPMNEdge bpmnElement="flow5" id="BPMNEdge_flow5">
        <omgdi:waypoint x="432.0" y="160.0"></omgdi:waypoint>
        <omgdi:waypoint x="349.0" y="160.0"></omgdi:waypoint>
      </bpmndi:BPMNEdge>
      <bpmndi:BPMNEdge bpmnElement="flow6" id="BPMNEdge_flow6">
        <omgdi:waypoint x="296.0" y="188.0"></omgdi:waypoint>
        <omgdi:waypoint x="296.0" y="257.0"></omgdi:waypoint>
      </bpmndi:BPMNEdge>
      <bpmndi:BPMNEdge bpmnElement="flow7" id="BPMNEdge_flow7">
        <omgdi:waypoint x="276.0" y="277.0"></omgdi:waypoint>
        <omgdi:waypoint x="200.0" y="277.0"></omgdi:waypoint>
      </bpmndi:BPMNEdge>
      <bpmndi:BPMNEdge bpmnElement="flow8" id="BPMNEdge_flow8">
        <omgdi:waypoint x="147.0" y="250.0"></omgdi:waypoint>
        <omgdi:waypoint x="147.0" y="221.0"></omgdi:waypoint>
      </bpmndi:BPMNEdge>
      <bpmndi:BPMNEdge bpmnElement="flow10" id="BPMNEdge_flow10">
        <omgdi:waypoint x="296.0" y="47.0"></omgdi:waypoint>
        <omgdi:waypoint x="296.0" y="133.0"></omgdi:waypoint>
      </bpmndi:BPMNEdge>
      <bpmndi:BPMNEdge bpmnElement="flow11" id="BPMNEdge_flow11">
        <omgdi:waypoint x="432.0" y="160.0"></omgdi:waypoint>
        <omgdi:waypoint x="349.0" y="160.0"></omgdi:waypoint>
      </bpmndi:BPMNEdge>
      <bpmndi:BPMNEdge bpmnElement="flow12" id="BPMNEdge_flow12">
        <omgdi:waypoint x="296.0" y="257.0"></omgdi:waypoint>
        <omgdi:waypoint x="296.0" y="188.0"></omgdi:waypoint>
      </bpmndi:BPMNEdge>
      <bpmndi:BPMNEdge bpmnElement="flow13" id="BPMNEdge_flow13">
        <omgdi:waypoint x="147.0" y="181.0"></omgdi:waypoint>
        <omgdi:waypoint x="147.0" y="160.0"></omgdi:waypoint>
        <omgdi:waypoint x="244.0" y="160.0"></omgdi:waypoint>
      </bpmndi:BPMNEdge>
      <bpmndi:BPMNEdge bpmnElement="flow15" id="BPMNEdge_flow15">
        <omgdi:waypoint x="244.0" y="160.0"></omgdi:waypoint>
        <omgdi:waypoint x="147.0" y="160.0"></omgdi:waypoint>
        <omgdi:waypoint x="147.0" y="121.0"></omgdi:waypoint>
      </bpmndi:BPMNEdge>
      <bpmndi:BPMNEdge bpmnElement="flow16" id="BPMNEdge_flow16">
        <omgdi:waypoint x="147.0" y="81.0"></omgdi:waypoint>
        <omgdi:waypoint x="147.0" y="55.0"></omgdi:waypoint>
      </bpmndi:BPMNEdge>
      <bpmndi:BPMNEdge bpmnElement="flow17" id="BPMNEdge_flow17">
        <omgdi:waypoint x="127.0" y="101.0"></omgdi:waypoint>
        <omgdi:waypoint x="22.0" y="100.0"></omgdi:waypoint>
        <omgdi:waypoint x="22.0" y="135.0"></omgdi:waypoint>
      </bpmndi:BPMNEdge>
      <bpmndi:BPMNEdge bpmnElement="flow18" id="BPMNEdge_flow18">
        <omgdi:waypoint x="127.0" y="201.0"></omgdi:waypoint>
        <omgdi:waypoint x="22.0" y="200.0"></omgdi:waypoint>
        <omgdi:waypoint x="22.0" y="170.0"></omgdi:waypoint>
      </bpmndi:BPMNEdge>
      <bpmndi:BPMNEdge bpmnElement="flow19" id="BPMNEdge_flow19">
        <omgdi:waypoint x="452.0" y="180.0"></omgdi:waypoint>
        <omgdi:waypoint x="452.0" y="250.0"></omgdi:waypoint>
      </bpmndi:BPMNEdge>
      <bpmndi:BPMNEdge bpmnElement="flow20" id="BPMNEdge_flow20">
        <omgdi:waypoint x="400.0" y="277.0"></omgdi:waypoint>
        <omgdi:waypoint x="316.0" y="277.0"></omgdi:waypoint>
      </bpmndi:BPMNEdge>
    </bpmndi:BPMNPlane>
  </bpmndi:BPMNDiagram>
</definitions>