<?xml version="1.0" encoding="UTF-8"?>
<definitions xmlns="http://www.omg.org/spec/BPMN/20100524/MODEL" xmlns:xsi="http://www.w3.org/2001/XMLSchema-instance" xmlns:xsd="http://www.w3.org/2001/XMLSchema" xmlns:activiti="http://activiti.org/bpmn" xmlns:bpmndi="http://www.omg.org/spec/BPMN/20100524/DI" xmlns:omgdc="http://www.omg.org/spec/DD/20100524/DC" xmlns:omgdi="http://www.omg.org/spec/DD/20100524/DI" typeLanguage="http://www.w3.org/2001/XMLSchema" expressionLanguage="http://www.w3.org/1999/XPath" targetNamespace="http://www.wiiy.com/hatch">
  <process id="parkin" name="入驻流程" isExecutable="true">
    <documentation>入驻审批表</documentation>
    <startEvent id="startevent1" name="Start" activiti:initiator="applyUserId"></startEvent>
    <userTask id="usertask1" name="经办人意见" activiti:assignee="${applyUserId}">
      <documentation>{"order":1,"display":true}</documentation>
    </userTask>
    <userTask id="usertask2" name="部门负责人意见" activiti:candidateGroups="deptLeader">
      <documentation>{"order":2,"display":true}</documentation>
    </userTask>
    <userTask id="usertask3" name="领导审批意见" activiti:candidateGroups="fgdirector">
      <documentation>{"order":3,"display":true}</documentation>
    </userTask>
    <userTask id="usertask4" name="综合事务部意见" activiti:candidateGroups="zhdepart">
      <documentation>{"order":4,"display":true}</documentation>
    </userTask>
    <endEvent id="endevent1" name="结束"></endEvent>
    <exclusiveGateway id="exclusivegateway1" name="Exclusive Gateway"></exclusiveGateway>
    <exclusiveGateway id="exclusivegateway5" name="Exclusive Gateway"></exclusiveGateway>
    <exclusiveGateway id="exclusivegateway3" name="Exclusive Gateway"></exclusiveGateway>
    <userTask id="modifyApply" name="调整申请" activiti:assignee="${applyUserId}">
      <documentation>{"order":6,"display":false}</documentation>
    </userTask>
    <exclusiveGateway id="exclusivegateway2" name="Exclusive Gateway"></exclusiveGateway>
    <sequenceFlow id="flow1" sourceRef="startevent1" targetRef="usertask1"></sequenceFlow>
    <sequenceFlow id="flow2" sourceRef="usertask1" targetRef="usertask2"></sequenceFlow>
    <sequenceFlow id="flow3" sourceRef="usertask2" targetRef="exclusivegateway1"></sequenceFlow>
    <sequenceFlow id="flow4" name="同意" sourceRef="exclusivegateway1" targetRef="usertask3">
      <conditionExpression xsi:type="tFormalExpression"><![CDATA[${deptLeaderPass}]]></conditionExpression>
    </sequenceFlow>
    <sequenceFlow id="flow6" sourceRef="usertask3" targetRef="exclusivegateway2"></sequenceFlow>
    <sequenceFlow id="flow7" name="同意" sourceRef="exclusivegateway2" targetRef="usertask4">
      <conditionExpression xsi:type="tFormalExpression"><![CDATA[${fgdirectorPass}]]></conditionExpression>
    </sequenceFlow>
    <sequenceFlow id="flow9" sourceRef="usertask4" targetRef="exclusivegateway3"></sequenceFlow>
    <sequenceFlow id="flow10" name="同意" sourceRef="exclusivegateway3" targetRef="usertask5">
      <documentation>{"order":5,"display":false}</documentation>
      <conditionExpression xsi:type="tFormalExpression"><![CDATA[${zhdepart}]]></conditionExpression>
    </sequenceFlow>
    <sequenceFlow id="flow8" name="不同意" sourceRef="exclusivegateway2" targetRef="modifyApply">
      <conditionExpression xsi:type="tFormalExpression"><![CDATA[${!fgdirectorPass}]]></conditionExpression>
    </sequenceFlow>
    <sequenceFlow id="flow5" name="不同意" sourceRef="exclusivegateway1" targetRef="modifyApply">
      <conditionExpression xsi:type="tFormalExpression"><![CDATA[${!deptLeaderPass}]]></conditionExpression>
    </sequenceFlow>
    <sequenceFlow id="flow15" sourceRef="modifyApply" targetRef="exclusivegateway5"></sequenceFlow>
    <sequenceFlow id="flow16" name="重新申请" sourceRef="exclusivegateway5" targetRef="usertask2">
      <conditionExpression xsi:type="tFormalExpression"><![CDATA[${reApply}]]></conditionExpression>
    </sequenceFlow>
    <sequenceFlow id="flow17" name="结束流程" sourceRef="exclusivegateway5" targetRef="endevent1">
      <conditionExpression xsi:type="tFormalExpression"><![CDATA[${!reApply}]]></conditionExpression>
    </sequenceFlow>
    <sequenceFlow id="flow11" name="不同意" sourceRef="exclusivegateway3" targetRef="modifyApply">
      <conditionExpression xsi:type="tFormalExpression"><![CDATA[${!zhdepart}]]></conditionExpression>
    </sequenceFlow>
    <userTask id="usertask5" name="计划财务部" activiti:candidateGroups="fpdepart">
      <documentation>{"order":5,"display":true}</documentation>
    </userTask>
    <exclusiveGateway id="exclusivegateway4" name="Exclusive Gateway"></exclusiveGateway>
    <sequenceFlow id="flow12" sourceRef="usertask5" targetRef="exclusivegateway4"></sequenceFlow>
    <sequenceFlow id="flow13" name="同意" sourceRef="exclusivegateway4" targetRef="endevent1"></sequenceFlow>
    <sequenceFlow id="flow14" name="不同意" sourceRef="exclusivegateway4" targetRef="modifyApply"></sequenceFlow>
  </process>
  <bpmndi:BPMNDiagram id="BPMNDiagram_parkin">
    <bpmndi:BPMNPlane bpmnElement="parkin" id="BPMNPlane_parkin">
      <bpmndi:BPMNShape bpmnElement="startevent1" id="BPMNShape_startevent1">
        <omgdc:Bounds height="35.0" width="35.0" x="189.0" y="142.0"></omgdc:Bounds>
      </bpmndi:BPMNShape>
      <bpmndi:BPMNShape bpmnElement="usertask1" id="BPMNShape_usertask1">
        <omgdc:Bounds height="55.0" width="105.0" x="264.0" y="132.0"></omgdc:Bounds>
      </bpmndi:BPMNShape>
      <bpmndi:BPMNShape bpmnElement="usertask2" id="BPMNShape_usertask2">
        <omgdc:Bounds height="55.0" width="105.0" x="455.0" y="132.0"></omgdc:Bounds>
      </bpmndi:BPMNShape>
      <bpmndi:BPMNShape bpmnElement="usertask3" id="BPMNShape_usertask3">
        <omgdc:Bounds height="55.0" width="105.0" x="690.0" y="132.0"></omgdc:Bounds>
      </bpmndi:BPMNShape>
      <bpmndi:BPMNShape bpmnElement="usertask4" id="BPMNShape_usertask4">
        <omgdc:Bounds height="55.0" width="105.0" x="690.0" y="330.0"></omgdc:Bounds>
      </bpmndi:BPMNShape>
      <bpmndi:BPMNShape bpmnElement="endevent1" id="BPMNShape_endevent1">
        <omgdc:Bounds height="35.0" width="35.0" x="299.0" y="340.0"></omgdc:Bounds>
      </bpmndi:BPMNShape>
      <bpmndi:BPMNShape bpmnElement="exclusivegateway1" id="BPMNShape_exclusivegateway1">
        <omgdc:Bounds height="40.0" width="40.0" x="615.0" y="139.0"></omgdc:Bounds>
      </bpmndi:BPMNShape>
      <bpmndi:BPMNShape bpmnElement="exclusivegateway5" id="BPMNShape_exclusivegateway5">
        <omgdc:Bounds height="40.0" width="40.0" x="296.0" y="232.0"></omgdc:Bounds>
      </bpmndi:BPMNShape>
      <bpmndi:BPMNShape bpmnElement="exclusivegateway3" id="BPMNShape_exclusivegateway3">
        <omgdc:Bounds height="40.0" width="40.0" x="615.0" y="337.0"></omgdc:Bounds>
      </bpmndi:BPMNShape>
      <bpmndi:BPMNShape bpmnElement="modifyApply" id="BPMNShape_modifyApply">
        <omgdc:Bounds height="55.0" width="105.0" x="455.0" y="225.0"></omgdc:Bounds>
      </bpmndi:BPMNShape>
      <bpmndi:BPMNShape bpmnElement="exclusivegateway2" id="BPMNShape_exclusivegateway2">
        <omgdc:Bounds height="40.0" width="40.0" x="722.0" y="232.0"></omgdc:Bounds>
      </bpmndi:BPMNShape>
      <bpmndi:BPMNShape bpmnElement="usertask5" id="BPMNShape_usertask5">
        <omgdc:Bounds height="55.0" width="105.0" x="455.0" y="330.0"></omgdc:Bounds>
      </bpmndi:BPMNShape>
      <bpmndi:BPMNShape bpmnElement="exclusivegateway4" id="BPMNShape_exclusivegateway4">
        <omgdc:Bounds height="40.0" width="40.0" x="380.0" y="337.0"></omgdc:Bounds>
      </bpmndi:BPMNShape>
      <bpmndi:BPMNEdge bpmnElement="flow1" id="BPMNEdge_flow1">
        <omgdi:waypoint x="224.0" y="159.0"></omgdi:waypoint>
        <omgdi:waypoint x="264.0" y="159.0"></omgdi:waypoint>
      </bpmndi:BPMNEdge>
      <bpmndi:BPMNEdge bpmnElement="flow2" id="BPMNEdge_flow2">
        <omgdi:waypoint x="369.0" y="159.0"></omgdi:waypoint>
        <omgdi:waypoint x="455.0" y="159.0"></omgdi:waypoint>
      </bpmndi:BPMNEdge>
      <bpmndi:BPMNEdge bpmnElement="flow3" id="BPMNEdge_flow3">
        <omgdi:waypoint x="560.0" y="159.0"></omgdi:waypoint>
        <omgdi:waypoint x="615.0" y="159.0"></omgdi:waypoint>
      </bpmndi:BPMNEdge>
      <bpmndi:BPMNEdge bpmnElement="flow4" id="BPMNEdge_flow4">
        <omgdi:waypoint x="655.0" y="159.0"></omgdi:waypoint>
        <omgdi:waypoint x="690.0" y="159.0"></omgdi:waypoint>
        <bpmndi:BPMNLabel>
          <omgdc:Bounds height="14.0" width="24.0" x="657.0" y="166.0"></omgdc:Bounds>
        </bpmndi:BPMNLabel>
      </bpmndi:BPMNEdge>
      <bpmndi:BPMNEdge bpmnElement="flow6" id="BPMNEdge_flow6">
        <omgdi:waypoint x="742.0" y="187.0"></omgdi:waypoint>
        <omgdi:waypoint x="742.0" y="232.0"></omgdi:waypoint>
      </bpmndi:BPMNEdge>
      <bpmndi:BPMNEdge bpmnElement="flow7" id="BPMNEdge_flow7">
        <omgdi:waypoint x="742.0" y="272.0"></omgdi:waypoint>
        <omgdi:waypoint x="742.0" y="330.0"></omgdi:waypoint>
        <bpmndi:BPMNLabel>
          <omgdc:Bounds height="14.0" width="24.0" x="752.0" y="272.0"></omgdc:Bounds>
        </bpmndi:BPMNLabel>
      </bpmndi:BPMNEdge>
      <bpmndi:BPMNEdge bpmnElement="flow9" id="BPMNEdge_flow9">
        <omgdi:waypoint x="690.0" y="357.0"></omgdi:waypoint>
        <omgdi:waypoint x="655.0" y="357.0"></omgdi:waypoint>
      </bpmndi:BPMNEdge>
      <bpmndi:BPMNEdge bpmnElement="flow10" id="BPMNEdge_flow10">
        <omgdi:waypoint x="615.0" y="357.0"></omgdi:waypoint>
        <omgdi:waypoint x="560.0" y="357.0"></omgdi:waypoint>
        <bpmndi:BPMNLabel>
          <omgdc:Bounds height="14.0" width="24.0" x="587.0" y="364.0"></omgdc:Bounds>
        </bpmndi:BPMNLabel>
      </bpmndi:BPMNEdge>
      <bpmndi:BPMNEdge bpmnElement="flow8" id="BPMNEdge_flow8">
        <omgdi:waypoint x="722.0" y="252.0"></omgdi:waypoint>
        <omgdi:waypoint x="560.0" y="252.0"></omgdi:waypoint>
        <bpmndi:BPMNLabel>
          <omgdc:Bounds height="14.0" width="36.0" x="665.0" y="232.0"></omgdc:Bounds>
        </bpmndi:BPMNLabel>
      </bpmndi:BPMNEdge>
      <bpmndi:BPMNEdge bpmnElement="flow5" id="BPMNEdge_flow5">
        <omgdi:waypoint x="635.0" y="179.0"></omgdi:waypoint>
        <omgdi:waypoint x="507.0" y="225.0"></omgdi:waypoint>
        <bpmndi:BPMNLabel>
          <omgdc:Bounds height="14.0" width="36.0" x="636.0" y="192.0"></omgdc:Bounds>
        </bpmndi:BPMNLabel>
      </bpmndi:BPMNEdge>
      <bpmndi:BPMNEdge bpmnElement="flow15" id="BPMNEdge_flow15">
        <omgdi:waypoint x="455.0" y="252.0"></omgdi:waypoint>
        <omgdi:waypoint x="336.0" y="252.0"></omgdi:waypoint>
      </bpmndi:BPMNEdge>
      <bpmndi:BPMNEdge bpmnElement="flow16" id="BPMNEdge_flow16">
        <omgdi:waypoint x="316.0" y="232.0"></omgdi:waypoint>
        <omgdi:waypoint x="507.0" y="187.0"></omgdi:waypoint>
        <bpmndi:BPMNLabel>
          <omgdc:Bounds height="14.0" width="48.0" x="337.0" y="196.0"></omgdc:Bounds>
        </bpmndi:BPMNLabel>
      </bpmndi:BPMNEdge>
      <bpmndi:BPMNEdge bpmnElement="flow17" id="BPMNEdge_flow17">
        <omgdi:waypoint x="316.0" y="272.0"></omgdi:waypoint>
        <omgdi:waypoint x="316.0" y="340.0"></omgdi:waypoint>
        <bpmndi:BPMNLabel>
          <omgdc:Bounds height="14.0" width="48.0" x="321.0" y="285.0"></omgdc:Bounds>
        </bpmndi:BPMNLabel>
      </bpmndi:BPMNEdge>
      <bpmndi:BPMNEdge bpmnElement="flow11" id="BPMNEdge_flow11">
        <omgdi:waypoint x="635.0" y="337.0"></omgdi:waypoint>
        <omgdi:waypoint x="507.0" y="280.0"></omgdi:waypoint>
        <bpmndi:BPMNLabel>
          <omgdc:Bounds height="14.0" width="36.0" x="610.0" y="300.0"></omgdc:Bounds>
        </bpmndi:BPMNLabel>
      </bpmndi:BPMNEdge>
      <bpmndi:BPMNEdge bpmnElement="flow12" id="BPMNEdge_flow12">
        <omgdi:waypoint x="455.0" y="357.0"></omgdi:waypoint>
        <omgdi:waypoint x="420.0" y="357.0"></omgdi:waypoint>
      </bpmndi:BPMNEdge>
      <bpmndi:BPMNEdge bpmnElement="flow13" id="BPMNEdge_flow13">
        <omgdi:waypoint x="380.0" y="357.0"></omgdi:waypoint>
        <omgdi:waypoint x="334.0" y="357.0"></omgdi:waypoint>
        <bpmndi:BPMNLabel>
          <omgdc:Bounds height="14.0" width="24.0" x="352.0" y="364.0"></omgdc:Bounds>
        </bpmndi:BPMNLabel>
      </bpmndi:BPMNEdge>
      <bpmndi:BPMNEdge bpmnElement="flow14" id="BPMNEdge_flow14">
        <omgdi:waypoint x="400.0" y="337.0"></omgdi:waypoint>
        <omgdi:waypoint x="507.0" y="280.0"></omgdi:waypoint>
        <bpmndi:BPMNLabel>
          <omgdc:Bounds height="14.0" width="36.0" x="384.0" y="316.0"></omgdc:Bounds>
        </bpmndi:BPMNLabel>
      </bpmndi:BPMNEdge>
    </bpmndi:BPMNPlane>
  </bpmndi:BPMNDiagram>
</definitions>