<?xml version="1.0" encoding="UTF-8"?>
<definitions xmlns="http://www.omg.org/spec/BPMN/20100524/MODEL" xmlns:xsi="http://www.w3.org/2001/XMLSchema-instance" xmlns:xsd="http://www.w3.org/2001/XMLSchema" xmlns:activiti="http://activiti.org/bpmn" xmlns:bpmndi="http://www.omg.org/spec/BPMN/20100524/DI" xmlns:omgdc="http://www.omg.org/spec/DD/20100524/DC" xmlns:omgdi="http://www.omg.org/spec/DD/20100524/DI" typeLanguage="http://www.w3.org/2001/XMLSchema" expressionLanguage="http://www.w3.org/1999/XPath" targetNamespace="http://www.wiiy.com/hatch">
  <process id="carApply" name="用车申请" isExecutable="true">
    <startEvent id="startevent1" name="Start"></startEvent>
    <userTask id="usertask1" name="领导审批"></userTask>
    <sequenceFlow id="flow1" sourceRef="startevent1" targetRef="usertask1"></sequenceFlow>
    <exclusiveGateway id="exclusivegateway1" name="Exclusive Gateway"></exclusiveGateway>
    <sequenceFlow id="flow2" sourceRef="usertask1" targetRef="exclusivegateway1"></sequenceFlow>
    <endEvent id="endevent1" name="End"></endEvent>
    <sequenceFlow id="flow3" name="同意" sourceRef="exclusivegateway1" targetRef="endevent1"></sequenceFlow>
    <userTask id="usertask2" name="调整申请"></userTask>
    <sequenceFlow id="flow4" name="不同意" sourceRef="exclusivegateway1" targetRef="usertask2"></sequenceFlow>
    <exclusiveGateway id="exclusivegateway2" name="Exclusive Gateway"></exclusiveGateway>
    <sequenceFlow id="flow5" sourceRef="usertask2" targetRef="exclusivegateway2"></sequenceFlow>
    <sequenceFlow id="flow6" name="调整申请" sourceRef="exclusivegateway2" targetRef="usertask1"></sequenceFlow>
    <sequenceFlow id="flow7" name="取消调整" sourceRef="exclusivegateway2" targetRef="endevent1"></sequenceFlow>
  </process>
  <bpmndi:BPMNDiagram id="BPMNDiagram_carApply">
    <bpmndi:BPMNPlane bpmnElement="carApply" id="BPMNPlane_carApply">
      <bpmndi:BPMNShape bpmnElement="startevent1" id="BPMNShape_startevent1">
        <omgdc:Bounds height="35.0" width="35.0" x="110.0" y="120.0"></omgdc:Bounds>
      </bpmndi:BPMNShape>
      <bpmndi:BPMNShape bpmnElement="usertask1" id="BPMNShape_usertask1">
        <omgdc:Bounds height="55.0" width="105.0" x="190.0" y="110.0"></omgdc:Bounds>
      </bpmndi:BPMNShape>
      <bpmndi:BPMNShape bpmnElement="exclusivegateway1" id="BPMNShape_exclusivegateway1">
        <omgdc:Bounds height="40.0" width="40.0" x="340.0" y="118.0"></omgdc:Bounds>
      </bpmndi:BPMNShape>
      <bpmndi:BPMNShape bpmnElement="endevent1" id="BPMNShape_endevent1">
        <omgdc:Bounds height="35.0" width="35.0" x="460.0" y="120.0"></omgdc:Bounds>
      </bpmndi:BPMNShape>
      <bpmndi:BPMNShape bpmnElement="usertask2" id="BPMNShape_usertask2">
        <omgdc:Bounds height="55.0" width="105.0" x="308.0" y="190.0"></omgdc:Bounds>
      </bpmndi:BPMNShape>
      <bpmndi:BPMNShape bpmnElement="exclusivegateway2" id="BPMNShape_exclusivegateway2">
        <omgdc:Bounds height="40.0" width="40.0" x="458.0" y="198.0"></omgdc:Bounds>
      </bpmndi:BPMNShape>
      <bpmndi:BPMNEdge bpmnElement="flow1" id="BPMNEdge_flow1">
        <omgdi:waypoint x="145.0" y="137.0"></omgdi:waypoint>
        <omgdi:waypoint x="190.0" y="137.0"></omgdi:waypoint>
      </bpmndi:BPMNEdge>
      <bpmndi:BPMNEdge bpmnElement="flow2" id="BPMNEdge_flow2">
        <omgdi:waypoint x="295.0" y="137.0"></omgdi:waypoint>
        <omgdi:waypoint x="340.0" y="138.0"></omgdi:waypoint>
      </bpmndi:BPMNEdge>
      <bpmndi:BPMNEdge bpmnElement="flow3" id="BPMNEdge_flow3">
        <omgdi:waypoint x="380.0" y="138.0"></omgdi:waypoint>
        <omgdi:waypoint x="460.0" y="137.0"></omgdi:waypoint>
        <bpmndi:BPMNLabel>
          <omgdc:Bounds height="14.0" width="100.0" x="394.0" y="138.0"></omgdc:Bounds>
        </bpmndi:BPMNLabel>
      </bpmndi:BPMNEdge>
      <bpmndi:BPMNEdge bpmnElement="flow4" id="BPMNEdge_flow4">
        <omgdi:waypoint x="360.0" y="158.0"></omgdi:waypoint>
        <omgdi:waypoint x="360.0" y="190.0"></omgdi:waypoint>
        <bpmndi:BPMNLabel>
          <omgdc:Bounds height="14.0" width="100.0" x="370.0" y="158.0"></omgdc:Bounds>
        </bpmndi:BPMNLabel>
      </bpmndi:BPMNEdge>
      <bpmndi:BPMNEdge bpmnElement="flow5" id="BPMNEdge_flow5">
        <omgdi:waypoint x="413.0" y="217.0"></omgdi:waypoint>
        <omgdi:waypoint x="458.0" y="218.0"></omgdi:waypoint>
      </bpmndi:BPMNEdge>
      <bpmndi:BPMNEdge bpmnElement="flow6" id="BPMNEdge_flow6">
        <omgdi:waypoint x="478.0" y="238.0"></omgdi:waypoint>
        <omgdi:waypoint x="478.0" y="306.0"></omgdi:waypoint>
        <omgdi:waypoint x="242.0" y="306.0"></omgdi:waypoint>
        <omgdi:waypoint x="242.0" y="165.0"></omgdi:waypoint>
        <bpmndi:BPMNLabel>
          <omgdc:Bounds height="14.0" width="100.0" x="480.0" y="259.0"></omgdc:Bounds>
        </bpmndi:BPMNLabel>
      </bpmndi:BPMNEdge>
      <bpmndi:BPMNEdge bpmnElement="flow7" id="BPMNEdge_flow7">
        <omgdi:waypoint x="478.0" y="198.0"></omgdi:waypoint>
        <omgdi:waypoint x="477.0" y="155.0"></omgdi:waypoint>
        <bpmndi:BPMNLabel>
          <omgdc:Bounds height="14.0" width="100.0" x="481.0" y="173.0"></omgdc:Bounds>
        </bpmndi:BPMNLabel>
      </bpmndi:BPMNEdge>
    </bpmndi:BPMNPlane>
  </bpmndi:BPMNDiagram>
</definitions>