<?xml version="1.0" encoding="UTF-8"?>
<definitions xmlns="http://www.omg.org/spec/BPMN/20100524/MODEL" xmlns:xsi="http://www.w3.org/2001/XMLSchema-instance" xmlns:xsd="http://www.w3.org/2001/XMLSchema" xmlns:activiti="http://activiti.org/bpmn" xmlns:bpmndi="http://www.omg.org/spec/BPMN/20100524/DI" xmlns:omgdc="http://www.omg.org/spec/DD/20100524/DC" xmlns:omgdi="http://www.omg.org/spec/DD/20100524/DI" typeLanguage="http://www.w3.org/2001/XMLSchema" expressionLanguage="http://www.w3.org/1999/XPath" targetNamespace="http://www.wiiy.com/hatch">
  <process id="contactForm" name="内部联系单" isExecutable="true">
    <documentation>内部联系单</documentation>
    <startEvent id="startevent1" name="Start" activiti:initiator="applyUserId"></startEvent>
    <userTask id="usertask1" name="主管领导意见" activiti:candidateGroups="director">
      <documentation>{"order":1,"display":true}</documentation>
    </userTask>
    <exclusiveGateway id="exclusivegateway1" name="Exclusive Gateway"></exclusiveGateway>
    <userTask id="usertask2" name="园区管理办公室意见" activiti:candidateGroups="yqOffice">
      <documentation>{"order":2,"display":true}</documentation>
    </userTask>
    <userTask id="usertask3" name="资产管理办公室意见" activiti:candidateGroups="zcOffice">
      <documentation>{"order":3,"display":true}</documentation>
    </userTask>
    <userTask id="usertask4" name="董事长（授权人）意见" activiti:candidateGroups="president">
      <documentation>{"order":4,"display":true}</documentation>
    </userTask>
    <userTask id="modifyApply" name="调整申请" activiti:assignee="${applyUserId}">
      <documentation>{"order":5,"display":false}</documentation>
    </userTask>
    <endEvent id="endevent1" name="End"></endEvent>
    <exclusiveGateway id="exclusivegateway2" name="Exclusive Gateway"></exclusiveGateway>
    <exclusiveGateway id="exclusivegateway3" name="Exclusive Gateway"></exclusiveGateway>
    <exclusiveGateway id="exclusivegateway4" name="Exclusive Gateway"></exclusiveGateway>
    <exclusiveGateway id="exclusivegateway5" name="Exclusive Gateway"></exclusiveGateway>
    <sequenceFlow id="flow1" sourceRef="startevent1" targetRef="usertask1"></sequenceFlow>
    <sequenceFlow id="flow2" sourceRef="usertask1" targetRef="exclusivegateway1"></sequenceFlow>
    <sequenceFlow id="flow3" sourceRef="exclusivegateway1" targetRef="usertask2">
      <conditionExpression xsi:type="tFormalExpression"><![CDATA[${directorPass}]]></conditionExpression>
    </sequenceFlow>
    <sequenceFlow id="flow4" sourceRef="usertask2" targetRef="exclusivegateway2"></sequenceFlow>
    <sequenceFlow id="flow5" sourceRef="exclusivegateway2" targetRef="usertask3">
      <conditionExpression xsi:type="tFormalExpression"><![CDATA[${yqOfficePass}]]></conditionExpression>
    </sequenceFlow>
    <sequenceFlow id="flow6" sourceRef="usertask3" targetRef="exclusivegateway3"></sequenceFlow>
    <sequenceFlow id="flow7" sourceRef="exclusivegateway3" targetRef="usertask4">
      <conditionExpression xsi:type="tFormalExpression"><![CDATA[${zcOfficePass}]]></conditionExpression>
    </sequenceFlow>
    <sequenceFlow id="flow8" sourceRef="usertask4" targetRef="exclusivegateway4"></sequenceFlow>
    <sequenceFlow id="flow9" sourceRef="exclusivegateway4" targetRef="endevent1">
      <conditionExpression xsi:type="tFormalExpression"><![CDATA[${president}]]></conditionExpression>
    </sequenceFlow>
    <sequenceFlow id="flow10" sourceRef="exclusivegateway1" targetRef="modifyApply">
      <conditionExpression xsi:type="tFormalExpression"><![CDATA[${!directorPass}]]></conditionExpression>
    </sequenceFlow>
    <sequenceFlow id="flow11" sourceRef="exclusivegateway2" targetRef="modifyApply">
      <conditionExpression xsi:type="tFormalExpression"><![CDATA[${!yqOfficePass}]]></conditionExpression>
    </sequenceFlow>
    <sequenceFlow id="flow12" sourceRef="exclusivegateway3" targetRef="modifyApply">
      <conditionExpression xsi:type="tFormalExpression"><![CDATA[${!zcOfficePass}]]></conditionExpression>
    </sequenceFlow>
    <sequenceFlow id="flow13" sourceRef="exclusivegateway4" targetRef="modifyApply">
      <conditionExpression xsi:type="tFormalExpression"><![CDATA[${!presidentPass}]]></conditionExpression>
    </sequenceFlow>
    <sequenceFlow id="flow14" sourceRef="modifyApply" targetRef="exclusivegateway5"></sequenceFlow>
    <sequenceFlow id="flow15" sourceRef="exclusivegateway5" targetRef="usertask1">
      <conditionExpression xsi:type="tFormalExpression"><![CDATA[${reApply}]]></conditionExpression>
    </sequenceFlow>
    <sequenceFlow id="flow16" sourceRef="exclusivegateway5" targetRef="endevent1">
      <conditionExpression xsi:type="tFormalExpression"><![CDATA[${!reApply}]]></conditionExpression>
    </sequenceFlow>
  </process>
  <bpmndi:BPMNDiagram id="BPMNDiagram_contactForm">
    <bpmndi:BPMNPlane bpmnElement="contactForm" id="BPMNPlane_contactForm">
      <bpmndi:BPMNShape bpmnElement="startevent1" id="BPMNShape_startevent1">
        <omgdc:Bounds height="35.0" width="35.0" x="5.0" y="19.0"></omgdc:Bounds>
      </bpmndi:BPMNShape>
      <bpmndi:BPMNShape bpmnElement="usertask1" id="BPMNShape_usertask1">
        <omgdc:Bounds height="55.0" width="105.0" x="95.0" y="9.0"></omgdc:Bounds>
      </bpmndi:BPMNShape>
      <bpmndi:BPMNShape bpmnElement="exclusivegateway1" id="BPMNShape_exclusivegateway1">
        <omgdc:Bounds height="40.0" width="40.0" x="255.0" y="16.0"></omgdc:Bounds>
      </bpmndi:BPMNShape>
      <bpmndi:BPMNShape bpmnElement="usertask2" id="BPMNShape_usertask2">
        <omgdc:Bounds height="71.0" width="105.0" x="380.0" y="0.0"></omgdc:Bounds>
      </bpmndi:BPMNShape>
      <bpmndi:BPMNShape bpmnElement="usertask3" id="BPMNShape_usertask3">
        <omgdc:Bounds height="71.0" width="105.0" x="380.0" y="273.0"></omgdc:Bounds>
      </bpmndi:BPMNShape>
      <bpmndi:BPMNShape bpmnElement="usertask4" id="BPMNShape_usertask4">
        <omgdc:Bounds height="71.0" width="105.0" x="95.0" y="272.0"></omgdc:Bounds>
      </bpmndi:BPMNShape>
      <bpmndi:BPMNShape bpmnElement="modifyApply" id="BPMNShape_modifyApply">
        <omgdc:Bounds height="55.0" width="105.0" x="223.0" y="162.0"></omgdc:Bounds>
      </bpmndi:BPMNShape>
      <bpmndi:BPMNShape bpmnElement="endevent1" id="BPMNShape_endevent1">
        <omgdc:Bounds height="35.0" width="35.0" x="5.0" y="172.0"></omgdc:Bounds>
      </bpmndi:BPMNShape>
      <bpmndi:BPMNShape bpmnElement="exclusivegateway2" id="BPMNShape_exclusivegateway2">
        <omgdc:Bounds height="40.0" width="40.0" x="412.0" y="169.0"></omgdc:Bounds>
      </bpmndi:BPMNShape>
      <bpmndi:BPMNShape bpmnElement="exclusivegateway3" id="BPMNShape_exclusivegateway3">
        <omgdc:Bounds height="40.0" width="40.0" x="255.0" y="288.0"></omgdc:Bounds>
      </bpmndi:BPMNShape>
      <bpmndi:BPMNShape bpmnElement="exclusivegateway4" id="BPMNShape_exclusivegateway4">
        <omgdc:Bounds height="40.0" width="40.0" x="127.0" y="209.0"></omgdc:Bounds>
      </bpmndi:BPMNShape>
      <bpmndi:BPMNShape bpmnElement="exclusivegateway5" id="BPMNShape_exclusivegateway5">
        <omgdc:Bounds height="40.0" width="40.0" x="127.0" y="98.0"></omgdc:Bounds>
      </bpmndi:BPMNShape>
      <bpmndi:BPMNEdge bpmnElement="flow1" id="BPMNEdge_flow1">
        <omgdi:waypoint x="40.0" y="36.0"></omgdi:waypoint>
        <omgdi:waypoint x="95.0" y="36.0"></omgdi:waypoint>
      </bpmndi:BPMNEdge>
      <bpmndi:BPMNEdge bpmnElement="flow2" id="BPMNEdge_flow2">
        <omgdi:waypoint x="200.0" y="36.0"></omgdi:waypoint>
        <omgdi:waypoint x="255.0" y="36.0"></omgdi:waypoint>
      </bpmndi:BPMNEdge>
      <bpmndi:BPMNEdge bpmnElement="flow3" id="BPMNEdge_flow3">
        <omgdi:waypoint x="295.0" y="36.0"></omgdi:waypoint>
        <omgdi:waypoint x="380.0" y="35.0"></omgdi:waypoint>
      </bpmndi:BPMNEdge>
      <bpmndi:BPMNEdge bpmnElement="flow4" id="BPMNEdge_flow4">
        <omgdi:waypoint x="432.0" y="71.0"></omgdi:waypoint>
        <omgdi:waypoint x="432.0" y="169.0"></omgdi:waypoint>
      </bpmndi:BPMNEdge>
      <bpmndi:BPMNEdge bpmnElement="flow5" id="BPMNEdge_flow5">
        <omgdi:waypoint x="432.0" y="209.0"></omgdi:waypoint>
        <omgdi:waypoint x="432.0" y="273.0"></omgdi:waypoint>
      </bpmndi:BPMNEdge>
      <bpmndi:BPMNEdge bpmnElement="flow6" id="BPMNEdge_flow6">
        <omgdi:waypoint x="380.0" y="308.0"></omgdi:waypoint>
        <omgdi:waypoint x="295.0" y="308.0"></omgdi:waypoint>
      </bpmndi:BPMNEdge>
      <bpmndi:BPMNEdge bpmnElement="flow7" id="BPMNEdge_flow7">
        <omgdi:waypoint x="255.0" y="308.0"></omgdi:waypoint>
        <omgdi:waypoint x="200.0" y="307.0"></omgdi:waypoint>
      </bpmndi:BPMNEdge>
      <bpmndi:BPMNEdge bpmnElement="flow8" id="BPMNEdge_flow8">
        <omgdi:waypoint x="147.0" y="272.0"></omgdi:waypoint>
        <omgdi:waypoint x="147.0" y="249.0"></omgdi:waypoint>
      </bpmndi:BPMNEdge>
      <bpmndi:BPMNEdge bpmnElement="flow9" id="BPMNEdge_flow9">
        <omgdi:waypoint x="127.0" y="229.0"></omgdi:waypoint>
        <omgdi:waypoint x="22.0" y="229.0"></omgdi:waypoint>
        <omgdi:waypoint x="22.0" y="207.0"></omgdi:waypoint>
      </bpmndi:BPMNEdge>
      <bpmndi:BPMNEdge bpmnElement="flow10" id="BPMNEdge_flow10">
        <omgdi:waypoint x="275.0" y="56.0"></omgdi:waypoint>
        <omgdi:waypoint x="275.0" y="162.0"></omgdi:waypoint>
      </bpmndi:BPMNEdge>
      <bpmndi:BPMNEdge bpmnElement="flow11" id="BPMNEdge_flow11">
        <omgdi:waypoint x="412.0" y="189.0"></omgdi:waypoint>
        <omgdi:waypoint x="328.0" y="189.0"></omgdi:waypoint>
      </bpmndi:BPMNEdge>
      <bpmndi:BPMNEdge bpmnElement="flow12" id="BPMNEdge_flow12">
        <omgdi:waypoint x="275.0" y="288.0"></omgdi:waypoint>
        <omgdi:waypoint x="275.0" y="217.0"></omgdi:waypoint>
      </bpmndi:BPMNEdge>
      <bpmndi:BPMNEdge bpmnElement="flow13" id="BPMNEdge_flow13">
        <omgdi:waypoint x="147.0" y="209.0"></omgdi:waypoint>
        <omgdi:waypoint x="147.0" y="189.0"></omgdi:waypoint>
        <omgdi:waypoint x="223.0" y="189.0"></omgdi:waypoint>
      </bpmndi:BPMNEdge>
      <bpmndi:BPMNEdge bpmnElement="flow14" id="BPMNEdge_flow14">
        <omgdi:waypoint x="223.0" y="189.0"></omgdi:waypoint>
        <omgdi:waypoint x="147.0" y="189.0"></omgdi:waypoint>
        <omgdi:waypoint x="147.0" y="138.0"></omgdi:waypoint>
      </bpmndi:BPMNEdge>
      <bpmndi:BPMNEdge bpmnElement="flow15" id="BPMNEdge_flow15">
        <omgdi:waypoint x="147.0" y="98.0"></omgdi:waypoint>
        <omgdi:waypoint x="147.0" y="64.0"></omgdi:waypoint>
      </bpmndi:BPMNEdge>
      <bpmndi:BPMNEdge bpmnElement="flow16" id="BPMNEdge_flow16">
        <omgdi:waypoint x="127.0" y="118.0"></omgdi:waypoint>
        <omgdi:waypoint x="22.0" y="118.0"></omgdi:waypoint>
        <omgdi:waypoint x="22.0" y="172.0"></omgdi:waypoint>
      </bpmndi:BPMNEdge>
    </bpmndi:BPMNPlane>
  </bpmndi:BPMNDiagram>
</definitions>