<?xml version="1.0" encoding="UTF-8"?>
<definitions xmlns="http://www.omg.org/spec/BPMN/20100524/MODEL" xmlns:xsi="http://www.w3.org/2001/XMLSchema-instance" xmlns:xsd="http://www.w3.org/2001/XMLSchema" xmlns:activiti="http://activiti.org/bpmn" xmlns:bpmndi="http://www.omg.org/spec/BPMN/20100524/DI" xmlns:omgdc="http://www.omg.org/spec/DD/20100524/DC" xmlns:omgdi="http://www.omg.org/spec/DD/20100524/DI" typeLanguage="http://www.w3.org/2001/XMLSchema" expressionLanguage="http://www.w3.org/1999/XPath" targetNamespace="http://www.wiiy.com/hatch">
  <process id="sealApply" name="用印申请" isExecutable="true">
    <documentation>用印审批</documentation>
    <startEvent id="startevent1" name="Start" activiti:initiator="applyUserId"></startEvent>
    <userTask id="usertask1" name="部门负责人" activiti:assignee="${applyUserId}">
      <documentation>{"order":1,"display":true}</documentation>
    </userTask>
    <userTask id="usertask2" name="部门负责人意见" activiti:candidateGroups="deptLeader">
      <documentation>{"order":2,"display":true}</documentation>
    </userTask>
    <userTask id="usertask3" name="分管领导" activiti:candidateGroups="fgdirector">
      <documentation>{"order":3,"display":true}</documentation>
    </userTask>
    <exclusiveGateway id="exclusivegateway1" name="Exclusive Gateway"></exclusiveGateway>
    <sequenceFlow id="flow1" sourceRef="startevent1" targetRef="usertask1"></sequenceFlow>
    <sequenceFlow id="flow2" sourceRef="usertask1" targetRef="usertask2"></sequenceFlow>
    <sequenceFlow id="flow3" sourceRef="usertask2" targetRef="exclusivegateway1"></sequenceFlow>
    <userTask id="usertask4" name="主管领导意见"></userTask>
    <sequenceFlow id="flow4" name="非财务人员" sourceRef="exclusivegateway1" targetRef="usertask3"></sequenceFlow>
    <sequenceFlow id="flow5" name="需要主任审批" sourceRef="exclusivegateway1" targetRef="usertask4"></sequenceFlow>
    <userTask id="usertask5" name="盖章确认"></userTask>
    <sequenceFlow id="flow6" name="无需主任审批" sourceRef="exclusivegateway1" targetRef="usertask5"></sequenceFlow>
    <exclusiveGateway id="exclusivegateway2" name="Exclusive Gateway"></exclusiveGateway>
    <sequenceFlow id="flow7" sourceRef="usertask3" targetRef="exclusivegateway2"></sequenceFlow>
    <sequenceFlow id="flow8" name="同意" sourceRef="exclusivegateway2" targetRef="usertask5"></sequenceFlow>
    <endEvent id="endevent1" name="结束"></endEvent>
    <sequenceFlow id="flow11" sourceRef="usertask5" targetRef="endevent1"></sequenceFlow>
    <userTask id="usertask6" name="调整申请"></userTask>
    <exclusiveGateway id="exclusivegateway3" name="Exclusive Gateway"></exclusiveGateway>
    <sequenceFlow id="flow16" sourceRef="usertask6" targetRef="exclusivegateway3"></sequenceFlow>
    <sequenceFlow id="flow17" name="结束流程" sourceRef="exclusivegateway3" targetRef="endevent1"></sequenceFlow>
    <sequenceFlow id="flow18" name="不同意" sourceRef="exclusivegateway1" targetRef="usertask6"></sequenceFlow>
    <sequenceFlow id="flow19" name="不同意" sourceRef="exclusivegateway2" targetRef="usertask6"></sequenceFlow>
    <sequenceFlow id="flow20" name="重新申请" sourceRef="exclusivegateway3" targetRef="usertask2"></sequenceFlow>
    <exclusiveGateway id="exclusivegateway4" name="Exclusive Gateway"></exclusiveGateway>
    <sequenceFlow id="flow21" sourceRef="usertask4" targetRef="exclusivegateway4"></sequenceFlow>
    <sequenceFlow id="flow22" name="同意" sourceRef="exclusivegateway4" targetRef="usertask5"></sequenceFlow>
    <sequenceFlow id="flow23" name="不同意" sourceRef="exclusivegateway4" targetRef="usertask6"></sequenceFlow>
  </process>
  <bpmndi:BPMNDiagram id="BPMNDiagram_sealApply">
    <bpmndi:BPMNPlane bpmnElement="sealApply" id="BPMNPlane_sealApply">
      <bpmndi:BPMNShape bpmnElement="startevent1" id="BPMNShape_startevent1">
        <omgdc:Bounds height="35.0" width="35.0" x="56.0" y="150.0"></omgdc:Bounds>
      </bpmndi:BPMNShape>
      <bpmndi:BPMNShape bpmnElement="usertask1" id="BPMNShape_usertask1">
        <omgdc:Bounds height="55.0" width="105.0" x="130.0" y="140.0"></omgdc:Bounds>
      </bpmndi:BPMNShape>
      <bpmndi:BPMNShape bpmnElement="usertask2" id="BPMNShape_usertask2">
        <omgdc:Bounds height="55.0" width="105.0" x="280.0" y="140.0"></omgdc:Bounds>
      </bpmndi:BPMNShape>
      <bpmndi:BPMNShape bpmnElement="usertask3" id="BPMNShape_usertask3">
        <omgdc:Bounds height="55.0" width="105.0" x="447.0" y="196.0"></omgdc:Bounds>
      </bpmndi:BPMNShape>
      <bpmndi:BPMNShape bpmnElement="exclusivegateway1" id="BPMNShape_exclusivegateway1">
        <omgdc:Bounds height="40.0" width="40.0" x="312.0" y="278.0"></omgdc:Bounds>
      </bpmndi:BPMNShape>
      <bpmndi:BPMNShape bpmnElement="usertask4" id="BPMNShape_usertask4">
        <omgdc:Bounds height="55.0" width="105.0" x="447.0" y="349.0"></omgdc:Bounds>
      </bpmndi:BPMNShape>
      <bpmndi:BPMNShape bpmnElement="usertask5" id="BPMNShape_usertask5">
        <omgdc:Bounds height="55.0" width="105.0" x="568.0" y="271.0"></omgdc:Bounds>
      </bpmndi:BPMNShape>
      <bpmndi:BPMNShape bpmnElement="exclusivegateway2" id="BPMNShape_exclusivegateway2">
        <omgdc:Bounds height="40.0" width="40.0" x="600.0" y="203.0"></omgdc:Bounds>
      </bpmndi:BPMNShape>
      <bpmndi:BPMNShape bpmnElement="endevent1" id="BPMNShape_endevent1">
        <omgdc:Bounds height="35.0" width="35.0" x="720.0" y="281.0"></omgdc:Bounds>
      </bpmndi:BPMNShape>
      <bpmndi:BPMNShape bpmnElement="usertask6" id="BPMNShape_usertask6">
        <omgdc:Bounds height="55.0" width="105.0" x="130.0" y="271.0"></omgdc:Bounds>
      </bpmndi:BPMNShape>
      <bpmndi:BPMNShape bpmnElement="exclusivegateway3" id="BPMNShape_exclusivegateway3">
        <omgdc:Bounds height="40.0" width="40.0" x="717.0" y="396.0"></omgdc:Bounds>
      </bpmndi:BPMNShape>
      <bpmndi:BPMNShape bpmnElement="exclusivegateway4" id="BPMNShape_exclusivegateway4">
        <omgdc:Bounds height="40.0" width="40.0" x="600.0" y="356.0"></omgdc:Bounds>
      </bpmndi:BPMNShape>
      <bpmndi:BPMNEdge bpmnElement="flow1" id="BPMNEdge_flow1">
        <omgdi:waypoint x="91.0" y="167.0"></omgdi:waypoint>
        <omgdi:waypoint x="130.0" y="167.0"></omgdi:waypoint>
      </bpmndi:BPMNEdge>
      <bpmndi:BPMNEdge bpmnElement="flow2" id="BPMNEdge_flow2">
        <omgdi:waypoint x="235.0" y="167.0"></omgdi:waypoint>
        <omgdi:waypoint x="280.0" y="167.0"></omgdi:waypoint>
      </bpmndi:BPMNEdge>
      <bpmndi:BPMNEdge bpmnElement="flow3" id="BPMNEdge_flow3">
        <omgdi:waypoint x="332.0" y="195.0"></omgdi:waypoint>
        <omgdi:waypoint x="332.0" y="278.0"></omgdi:waypoint>
      </bpmndi:BPMNEdge>
      <bpmndi:BPMNEdge bpmnElement="flow4" id="BPMNEdge_flow4">
        <omgdi:waypoint x="332.0" y="278.0"></omgdi:waypoint>
        <omgdi:waypoint x="332.0" y="223.0"></omgdi:waypoint>
        <omgdi:waypoint x="447.0" y="223.0"></omgdi:waypoint>
        <bpmndi:BPMNLabel>
          <omgdc:Bounds height="14.0" width="60.0" x="352.0" y="224.0"></omgdc:Bounds>
        </bpmndi:BPMNLabel>
      </bpmndi:BPMNEdge>
      <bpmndi:BPMNEdge bpmnElement="flow5" id="BPMNEdge_flow5">
        <omgdi:waypoint x="332.0" y="318.0"></omgdi:waypoint>
        <omgdi:waypoint x="332.0" y="376.0"></omgdi:waypoint>
        <omgdi:waypoint x="447.0" y="376.0"></omgdi:waypoint>
        <bpmndi:BPMNLabel>
          <omgdc:Bounds height="14.0" width="72.0" x="346.0" y="358.0"></omgdc:Bounds>
        </bpmndi:BPMNLabel>
      </bpmndi:BPMNEdge>
      <bpmndi:BPMNEdge bpmnElement="flow6" id="BPMNEdge_flow6">
        <omgdi:waypoint x="352.0" y="298.0"></omgdi:waypoint>
        <omgdi:waypoint x="568.0" y="298.0"></omgdi:waypoint>
        <bpmndi:BPMNLabel>
          <omgdc:Bounds height="14.0" width="72.0" x="431.0" y="298.0"></omgdc:Bounds>
        </bpmndi:BPMNLabel>
      </bpmndi:BPMNEdge>
      <bpmndi:BPMNEdge bpmnElement="flow7" id="BPMNEdge_flow7">
        <omgdi:waypoint x="552.0" y="223.0"></omgdi:waypoint>
        <omgdi:waypoint x="600.0" y="223.0"></omgdi:waypoint>
      </bpmndi:BPMNEdge>
      <bpmndi:BPMNEdge bpmnElement="flow8" id="BPMNEdge_flow8">
        <omgdi:waypoint x="620.0" y="243.0"></omgdi:waypoint>
        <omgdi:waypoint x="620.0" y="271.0"></omgdi:waypoint>
        <bpmndi:BPMNLabel>
          <omgdc:Bounds height="14.0" width="24.0" x="630.0" y="243.0"></omgdc:Bounds>
        </bpmndi:BPMNLabel>
      </bpmndi:BPMNEdge>
      <bpmndi:BPMNEdge bpmnElement="flow11" id="BPMNEdge_flow11">
        <omgdi:waypoint x="673.0" y="298.0"></omgdi:waypoint>
        <omgdi:waypoint x="720.0" y="298.0"></omgdi:waypoint>
      </bpmndi:BPMNEdge>
      <bpmndi:BPMNEdge bpmnElement="flow16" id="BPMNEdge_flow16">
        <omgdi:waypoint x="182.0" y="326.0"></omgdi:waypoint>
        <omgdi:waypoint x="182.0" y="416.0"></omgdi:waypoint>
        <omgdi:waypoint x="717.0" y="416.0"></omgdi:waypoint>
      </bpmndi:BPMNEdge>
      <bpmndi:BPMNEdge bpmnElement="flow17" id="BPMNEdge_flow17">
        <omgdi:waypoint x="737.0" y="396.0"></omgdi:waypoint>
        <omgdi:waypoint x="737.0" y="316.0"></omgdi:waypoint>
        <bpmndi:BPMNLabel>
          <omgdc:Bounds height="14.0" width="100.0" x="688.0" y="363.0"></omgdc:Bounds>
        </bpmndi:BPMNLabel>
      </bpmndi:BPMNEdge>
      <bpmndi:BPMNEdge bpmnElement="flow18" id="BPMNEdge_flow18">
        <omgdi:waypoint x="312.0" y="298.0"></omgdi:waypoint>
        <omgdi:waypoint x="235.0" y="298.0"></omgdi:waypoint>
        <bpmndi:BPMNLabel>
          <omgdc:Bounds height="14.0" width="100.0" x="254.0" y="298.0"></omgdc:Bounds>
        </bpmndi:BPMNLabel>
      </bpmndi:BPMNEdge>
      <bpmndi:BPMNEdge bpmnElement="flow19" id="BPMNEdge_flow19">
        <omgdi:waypoint x="640.0" y="223.0"></omgdi:waypoint>
        <omgdi:waypoint x="799.0" y="222.0"></omgdi:waypoint>
        <omgdi:waypoint x="799.0" y="436.0"></omgdi:waypoint>
        <omgdi:waypoint x="182.0" y="436.0"></omgdi:waypoint>
        <omgdi:waypoint x="182.0" y="326.0"></omgdi:waypoint>
        <bpmndi:BPMNLabel>
          <omgdc:Bounds height="14.0" width="100.0" x="697.0" y="224.0"></omgdc:Bounds>
        </bpmndi:BPMNLabel>
      </bpmndi:BPMNEdge>
      <bpmndi:BPMNEdge bpmnElement="flow20" id="BPMNEdge_flow20">
        <omgdi:waypoint x="757.0" y="416.0"></omgdi:waypoint>
        <omgdi:waypoint x="814.0" y="415.0"></omgdi:waypoint>
        <omgdi:waypoint x="814.0" y="167.0"></omgdi:waypoint>
        <omgdi:waypoint x="385.0" y="167.0"></omgdi:waypoint>
        <bpmndi:BPMNLabel>
          <omgdc:Bounds height="14.0" width="100.0" x="570.0" y="166.0"></omgdc:Bounds>
        </bpmndi:BPMNLabel>
      </bpmndi:BPMNEdge>
      <bpmndi:BPMNEdge bpmnElement="flow21" id="BPMNEdge_flow21">
        <omgdi:waypoint x="552.0" y="376.0"></omgdi:waypoint>
        <omgdi:waypoint x="600.0" y="376.0"></omgdi:waypoint>
      </bpmndi:BPMNEdge>
      <bpmndi:BPMNEdge bpmnElement="flow22" id="BPMNEdge_flow22">
        <omgdi:waypoint x="620.0" y="356.0"></omgdi:waypoint>
        <omgdi:waypoint x="620.0" y="326.0"></omgdi:waypoint>
        <bpmndi:BPMNLabel>
          <omgdc:Bounds height="14.0" width="100.0" x="621.0" y="337.0"></omgdc:Bounds>
        </bpmndi:BPMNLabel>
      </bpmndi:BPMNEdge>
      <bpmndi:BPMNEdge bpmnElement="flow23" id="BPMNEdge_flow23">
        <omgdi:waypoint x="620.0" y="396.0"></omgdi:waypoint>
        <omgdi:waypoint x="620.0" y="423.0"></omgdi:waypoint>
        <omgdi:waypoint x="396.0" y="423.0"></omgdi:waypoint>
        <omgdi:waypoint x="182.0" y="423.0"></omgdi:waypoint>
        <omgdi:waypoint x="182.0" y="326.0"></omgdi:waypoint>
        <bpmndi:BPMNLabel>
          <omgdc:Bounds height="14.0" width="100.0" x="621.0" y="395.0"></omgdc:Bounds>
        </bpmndi:BPMNLabel>
      </bpmndi:BPMNEdge>
    </bpmndi:BPMNPlane>
  </bpmndi:BPMNDiagram>
</definitions>