<?xml version="1.0" encoding="UTF-8"?>
<definitions xmlns="http://www.omg.org/spec/BPMN/20100524/MODEL" xmlns:xsi="http://www.w3.org/2001/XMLSchema-instance" xmlns:xsd="http://www.w3.org/2001/XMLSchema" xmlns:activiti="http://activiti.org/bpmn" xmlns:bpmndi="http://www.omg.org/spec/BPMN/20100524/DI" xmlns:omgdc="http://www.omg.org/spec/DD/20100524/DC" xmlns:omgdi="http://www.omg.org/spec/DD/20100524/DI" typeLanguage="http://www.w3.org/2001/XMLSchema" expressionLanguage="http://www.w3.org/1999/XPath" targetNamespace="http://www.wiiy.com/engineeringBill">
  <process id="engineeringBill" name="实际结算" isExecutable="true">
    <documentation>实际结算</documentation>
    <startEvent id="startevent1" name="Start" activiti:initiator="applyUserId"></startEvent>
    <userTask id="deptLeaderAudit" name="部门领导审批" activiti:candidateGroups="deptLeader"></userTask>
    <userTask id="cwLeaderAudit" name="财务部负责人审批" activiti:candidateGroups="cwLeader">
      <documentation>{"order":2,"display":true}</documentation>
    </userTask>
    <exclusiveGateway id="exclusivegateway6" name="Exclusive Gateway"></exclusiveGateway>
    <userTask id="cwcnAudit" name="财务部出纳" activiti:candidateGroups="cwcn">
      <documentation>{"order":3,"display":true}</documentation>
    </userTask>
    <exclusiveGateway id="exclusivegateway5" name="Exclusive Gateway"></exclusiveGateway>
    <userTask id="modifyApply" name="调整申请" activiti:assignee="${applyUserId}">
      <documentation>{"order":4,"display":false}</documentation>
    </userTask>
    <endEvent id="endevent1" name="End"></endEvent>
    <exclusiveGateway id="exclusivegateway7" name="Exclusive Gateway"></exclusiveGateway>
    <sequenceFlow id="flow2" sourceRef="startevent1" targetRef="deptLeaderAudit"></sequenceFlow>
    <sequenceFlow id="flow3" sourceRef="deptLeaderAudit" targetRef="exclusivegateway5"></sequenceFlow>
    <sequenceFlow id="flow4" sourceRef="exclusivegateway5" targetRef="modifyApply">
      <conditionExpression xsi:type="tFormalExpression"><![CDATA[${!deptLeaderPass}]]></conditionExpression>
    </sequenceFlow>
    <sequenceFlow id="flow5" sourceRef="exclusivegateway5" targetRef="cwLeaderAudit">
      <conditionExpression xsi:type="tFormalExpression"><![CDATA[${deptLeaderPass}]]></conditionExpression>
    </sequenceFlow>
    <sequenceFlow id="flow6" sourceRef="cwLeaderAudit" targetRef="exclusivegateway6"></sequenceFlow>
    <sequenceFlow id="flow7" sourceRef="exclusivegateway6" targetRef="cwcnAudit">
      <conditionExpression xsi:type="tFormalExpression"><![CDATA[${cwLeaderPass}]]></conditionExpression>
    </sequenceFlow>
    <sequenceFlow id="flow8" sourceRef="cwcnAudit" targetRef="endevent1"></sequenceFlow>
    <sequenceFlow id="flow9" sourceRef="exclusivegateway6" targetRef="modifyApply">
      <conditionExpression xsi:type="tFormalExpression"><![CDATA[${!cwLeaderPass}]]></conditionExpression>
    </sequenceFlow>
    <sequenceFlow id="flow10" sourceRef="exclusivegateway7" targetRef="deptLeaderAudit">
      <conditionExpression xsi:type="tFormalExpression"><![CDATA[${reApply}]]></conditionExpression>
    </sequenceFlow>
    <sequenceFlow id="flow11" sourceRef="modifyApply" targetRef="exclusivegateway7"></sequenceFlow>
    <sequenceFlow id="flow12" sourceRef="exclusivegateway7" targetRef="endevent1">
      <conditionExpression xsi:type="tFormalExpression"><![CDATA[${!reApply}]]></conditionExpression>
    </sequenceFlow>
  </process>
  <bpmndi:BPMNDiagram id="BPMNDiagram_engineeringBill">
    <bpmndi:BPMNPlane bpmnElement="engineeringBill" id="BPMNPlane_engineeringBill">
      <bpmndi:BPMNShape bpmnElement="startevent1" id="BPMNShape_startevent1">
        <omgdc:Bounds height="35.0" width="35.0" x="0.0" y="10.0"></omgdc:Bounds>
      </bpmndi:BPMNShape>
      <bpmndi:BPMNShape bpmnElement="deptLeaderAudit" id="BPMNShape_deptLeaderAudit">
        <omgdc:Bounds height="55.0" width="105.0" x="80.0" y="0.0"></omgdc:Bounds>
      </bpmndi:BPMNShape>
      <bpmndi:BPMNShape bpmnElement="exclusivegateway5" id="BPMNShape_exclusivegateway5">
        <omgdc:Bounds height="40.0" width="40.0" x="240.0" y="7.0"></omgdc:Bounds>
      </bpmndi:BPMNShape>
      <bpmndi:BPMNShape bpmnElement="modifyApply" id="BPMNShape_modifyApply">
        <omgdc:Bounds height="55.0" width="105.0" x="208.0" y="110.0"></omgdc:Bounds>
      </bpmndi:BPMNShape>
      <bpmndi:BPMNShape bpmnElement="cwLeaderAudit" id="BPMNShape_cwLeaderAudit">
        <omgdc:Bounds height="55.0" width="105.0" x="348.0" y="0.0"></omgdc:Bounds>
      </bpmndi:BPMNShape>
      <bpmndi:BPMNShape bpmnElement="exclusivegateway6" id="BPMNShape_exclusivegateway6">
        <omgdc:Bounds height="40.0" width="40.0" x="485.0" y="7.0"></omgdc:Bounds>
      </bpmndi:BPMNShape>
      <bpmndi:BPMNShape bpmnElement="cwcnAudit" id="BPMNShape_cwcnAudit">
        <omgdc:Bounds height="55.0" width="105.0" x="580.0" y="0.0"></omgdc:Bounds>
      </bpmndi:BPMNShape>
      <bpmndi:BPMNShape bpmnElement="endevent1" id="BPMNShape_endevent1">
        <omgdc:Bounds height="35.0" width="35.0" x="615.0" y="203.0"></omgdc:Bounds>
      </bpmndi:BPMNShape>
      <bpmndi:BPMNShape bpmnElement="exclusivegateway7" id="BPMNShape_exclusivegateway7">
        <omgdc:Bounds height="40.0" width="40.0" x="240.0" y="200.0"></omgdc:Bounds>
      </bpmndi:BPMNShape>
      <bpmndi:BPMNEdge bpmnElement="flow2" id="BPMNEdge_flow2">
        <omgdi:waypoint x="35.0" y="27.0"></omgdi:waypoint>
        <omgdi:waypoint x="80.0" y="27.0"></omgdi:waypoint>
      </bpmndi:BPMNEdge>
      <bpmndi:BPMNEdge bpmnElement="flow3" id="BPMNEdge_flow3">
        <omgdi:waypoint x="185.0" y="27.0"></omgdi:waypoint>
        <omgdi:waypoint x="240.0" y="27.0"></omgdi:waypoint>
      </bpmndi:BPMNEdge>
      <bpmndi:BPMNEdge bpmnElement="flow4" id="BPMNEdge_flow4">
        <omgdi:waypoint x="260.0" y="47.0"></omgdi:waypoint>
        <omgdi:waypoint x="260.0" y="110.0"></omgdi:waypoint>
      </bpmndi:BPMNEdge>
      <bpmndi:BPMNEdge bpmnElement="flow5" id="BPMNEdge_flow5">
        <omgdi:waypoint x="280.0" y="27.0"></omgdi:waypoint>
        <omgdi:waypoint x="348.0" y="27.0"></omgdi:waypoint>
      </bpmndi:BPMNEdge>
      <bpmndi:BPMNEdge bpmnElement="flow6" id="BPMNEdge_flow6">
        <omgdi:waypoint x="453.0" y="27.0"></omgdi:waypoint>
        <omgdi:waypoint x="485.0" y="27.0"></omgdi:waypoint>
      </bpmndi:BPMNEdge>
      <bpmndi:BPMNEdge bpmnElement="flow7" id="BPMNEdge_flow7">
        <omgdi:waypoint x="525.0" y="27.0"></omgdi:waypoint>
        <omgdi:waypoint x="580.0" y="27.0"></omgdi:waypoint>
      </bpmndi:BPMNEdge>
      <bpmndi:BPMNEdge bpmnElement="flow8" id="BPMNEdge_flow8">
        <omgdi:waypoint x="632.0" y="55.0"></omgdi:waypoint>
        <omgdi:waypoint x="632.0" y="203.0"></omgdi:waypoint>
      </bpmndi:BPMNEdge>
      <bpmndi:BPMNEdge bpmnElement="flow9" id="BPMNEdge_flow9">
        <omgdi:waypoint x="505.0" y="47.0"></omgdi:waypoint>
        <omgdi:waypoint x="504.0" y="137.0"></omgdi:waypoint>
        <omgdi:waypoint x="313.0" y="137.0"></omgdi:waypoint>
      </bpmndi:BPMNEdge>
      <bpmndi:BPMNEdge bpmnElement="flow10" id="BPMNEdge_flow10">
        <omgdi:waypoint x="240.0" y="220.0"></omgdi:waypoint>
        <omgdi:waypoint x="132.0" y="219.0"></omgdi:waypoint>
        <omgdi:waypoint x="132.0" y="55.0"></omgdi:waypoint>
      </bpmndi:BPMNEdge>
      <bpmndi:BPMNEdge bpmnElement="flow11" id="BPMNEdge_flow11">
        <omgdi:waypoint x="260.0" y="165.0"></omgdi:waypoint>
        <omgdi:waypoint x="260.0" y="200.0"></omgdi:waypoint>
      </bpmndi:BPMNEdge>
      <bpmndi:BPMNEdge bpmnElement="flow12" id="BPMNEdge_flow12">
        <omgdi:waypoint x="280.0" y="220.0"></omgdi:waypoint>
        <omgdi:waypoint x="615.0" y="220.0"></omgdi:waypoint>
      </bpmndi:BPMNEdge>
    </bpmndi:BPMNPlane>
  </bpmndi:BPMNDiagram>
</definitions>